{
  "editorPath": "src/renderer/editor.js",
  "hotpathConstants": {
    "HOTPATH_FULL_RENDER_MIN_INTERVAL_MS": 280,
    "HOTPATH_PAGINATION_IDLE_DELAY_MS": 220,
    "HOTPATH_RENDER_DEBOUNCE_MS": 32
  },
  "inputHandlerAnchor": "editor.addEventListener('input', () =>",
  "noFullRerenderCheck": {
    "forbiddenHits": [],
    "ok": true,
    "requiredMissing": []
  },
  "sampling": {
    "failReason": "",
    "iterations": 200,
    "maxMs": 0.0015000000000000568,
    "medianMs": 0.00012500000000059686,
    "minMs": 0.00012499999999704414,
    "ok": true,
    "p95Ms": 0.0002500000000011937,
    "sampleHeadMs": [
      0.0005839999999999179,
      0.0002919999999981826,
      0.0002500000000011937,
      0.0002500000000011937,
      0.0008750000000006253,
      0.0002500000000011937,
      0.000249999999997641,
      0.0004580000000018458,
      0.0002500000000011937,
      0.000249999999997641,
      0.0002500000000011937,
      0.0002080000000006521,
      0.0002500000000011937,
      0.00020899999999812735,
      0.0002080000000006521,
      0.0002500000000011937,
      0.0002080000000006521,
      0.0002500000000011937,
      0.000249999999997641,
      0.0002080000000006521
    ],
    "warmupIterations": 40
  }
}
