{
  "editorPath": "src/renderer/editor.js",
  "hotpathConstants": {
    "HOTPATH_FULL_RENDER_MIN_INTERVAL_MS": 280,
    "HOTPATH_PAGINATION_IDLE_DELAY_MS": 220,
    "HOTPATH_RENDER_DEBOUNCE_MS": 32
  },
  "inputHandlerAnchor": "editor.addEventListener('input', () =>",
  "noFullRerenderCheck": {
    "forbiddenHits": [],
    "ok": true,
    "requiredMissing": []
  },
  "sampling": {
    "failReason": "",
    "iterations": 200,
    "maxMs": 0.48825000000000074,
    "medianMs": 0.0002080000000006521,
    "minMs": 0.0001659999999965578,
    "ok": true,
    "p95Ms": 0.0004159999999977515,
    "sampleHeadMs": [
      0.0010410000000007358,
      0.00045899999999932106,
      0.00033300000000124896,
      0.00033299999999769625,
      0.0015000000000000568,
      0.00037500000000179057,
      0.0003339999999987242,
      0.0007079999999994868,
      0.00041700000000233217,
      0.00033300000000124896,
      0.0003339999999987242,
      0.00033299999999769625,
      0.00033300000000124896,
      0.0003340000000022769,
      0.00033300000000124896,
      0.00033299999999769625,
      0.0003339999999987242,
      0.00033299999999769625,
      0.0003339999999987242,
      0.00033300000000124896
    ],
    "warmupIterations": 40
  }
}
